{
    "1": {
        "course_data": {
            "gpa": 15.571428571428571,
            "mark": {
                "1": 19,
                "4": 13
            }
        }
    },
    "2": {
        "course_data": {
            "gpa": 16.571428571428573,
            "mark": {
                "1": 20,
                "4": 14
            }
        }
    },
    "3": {
        "course_data": {
            "gpa": 14.142857142857142,
            "mark": {
                "1": 13,
                "4": 15
            }
        }
    },
    "4": {
        "course_data": {
            "gpa": 15.571428571428571,
            "mark": {
                "1": 15,
                "4": 16
            }
        }
    },
    "5": {
        "course_data": {
            "gpa": 17.0,
            "mark": {
                "1": 17
            }
        }
    }
}